INSERT INTO stations (id, name, status_label) VALUES (1, 'Station 1', 'inactive');
INSERT INTO stations (id, name, status_label) VALUES (2, 'Station 2', 'active');
INSERT INTO stations (id, name, status_label) VALUES (3, 'Station 3', 'inactive');
INSERT INTO members (id, created_at, first_name, last_name) VALUES (1, '2025-03-07 20:49:18', 'First1', 'Last1');
INSERT INTO members (id, created_at, first_name, last_name) VALUES (2, '2025-03-26 16:57:24', 'First2', 'Last2');
INSERT INTO members (id, created_at, first_name, last_name) VALUES (3, '2025-03-18 15:48:36', 'First3', 'Last3');
INSERT INTO members (id, created_at, first_name, last_name) VALUES (4, '2024-06-12 21:09:18', 'First4', 'Last4');
INSERT INTO members (id, created_at, first_name, last_name) VALUES (5, '2024-01-05 06:46:44', 'First5', 'Last5');
INSERT INTO members (id, created_at, first_name, last_name) VALUES (6, '2025-03-22 16:57:24', 'First6', 'Last6');
INSERT INTO members (id, created_at, first_name, last_name) VALUES (7, '2024-10-22 14:24:02', 'First7', 'Last7');
INSERT INTO members (id, created_at, first_name, last_name) VALUES (8, '2025-01-16 04:46:12', 'First8', 'Last8');
INSERT INTO members (id, created_at, first_name, last_name) VALUES (9, '2025-03-17 18:27:48', 'First9', 'Last9');
INSERT INTO members (id, created_at, first_name, last_name) VALUES (10, '2024-11-17 22:05:57', 'First10', 'Last10');
INSERT INTO members (id, created_at, first_name, last_name) VALUES (11, '2024-02-03 03:16:15', 'First11', 'Last11');
INSERT INTO members (id, created_at, first_name, last_name) VALUES (12, '2024-04-22 20:06:16', 'First12', 'Last12');
INSERT INTO members (id, created_at, first_name, last_name) VALUES (13, '2024-01-01 16:36:17', 'First13', 'Last13');
INSERT INTO members (id, created_at, first_name, last_name) VALUES (14, '2024-06-13 16:47:19', 'First14', 'Last14');
INSERT INTO members (id, created_at, first_name, last_name) VALUES (15, '2024-03-03 22:53:17', 'First15', 'Last15');
INSERT INTO vehicles (id, colour, year, registration_plate, odometer, model_full_name, station_id) VALUES (1, 'Gray', 2019, 'REG001', 75757, 'Tesla Model 3', 2);
INSERT INTO vehicles (id, colour, year, registration_plate, odometer, model_full_name, station_id) VALUES (2, 'White', 2020, 'REG002', 85698, 'Chevy Bolt', 2);
INSERT INTO vehicles (id, colour, year, registration_plate, odometer, model_full_name, station_id) VALUES (3, 'Green', 2018, 'REG003', 69414, 'Ford Mustang Mach-E', 1);
INSERT INTO vehicles (id, colour, year, registration_plate, odometer, model_full_name, station_id) VALUES (4, 'Blue', 2019, 'REG004', 8211, 'Chevy Bolt', 3);
INSERT INTO vehicles (id, colour, year, registration_plate, odometer, model_full_name, station_id) VALUES (5, 'White', 2023, 'REG005', 51163, 'Chevy Bolt', 1);
INSERT INTO approvals (full_name, created_at, driving_licence_status) VALUES ('First1 Last1', '2024-04-11 13:25:53', 'rejected');
INSERT INTO approvals (full_name, created_at, driving_licence_status) VALUES ('First2 Last2', '2025-01-31 23:24:30', 'rejected');
INSERT INTO approvals (full_name, created_at, driving_licence_status) VALUES ('First3 Last3', '2024-10-16 00:06:00', 'pending');
INSERT INTO approvals (full_name, created_at, driving_licence_status) VALUES ('First4 Last4', '2025-01-29 12:59:28', 'approved');
INSERT INTO approvals (full_name, created_at, driving_licence_status) VALUES ('First5 Last5', '2024-10-30 13:45:06', 'pending');
INSERT INTO approvals (full_name, created_at, driving_licence_status) VALUES ('First6 Last6', '2024-05-16 15:05:18', 'approved');
INSERT INTO approvals (full_name, created_at, driving_licence_status) VALUES ('First7 Last7', '2024-07-22 13:23:42', 'pending');
INSERT INTO approvals (full_name, created_at, driving_licence_status) VALUES ('First8 Last8', '2024-06-23 08:28:40', 'rejected');
INSERT INTO approvals (full_name, created_at, driving_licence_status) VALUES ('First9 Last9', '2024-10-10 17:12:34', 'rejected');
INSERT INTO approvals (full_name, created_at, driving_licence_status) VALUES ('First10 Last10', '2025-02-19 14:29:48', 'rejected');
INSERT INTO approvals (full_name, created_at, driving_licence_status) VALUES ('First11 Last11', '2024-05-28 20:19:07', 'approved');
INSERT INTO approvals (full_name, created_at, driving_licence_status) VALUES ('First12 Last12', '2024-06-03 06:29:24', 'pending');
INSERT INTO approvals (full_name, created_at, driving_licence_status) VALUES ('First13 Last13', '2024-09-06 22:49:17', 'rejected');
INSERT INTO approvals (full_name, created_at, driving_licence_status) VALUES ('First14 Last14', '2024-02-23 23:26:55', 'rejected');
INSERT INTO approvals (full_name, created_at, driving_licence_status) VALUES ('First15 Last15', '2024-07-08 10:37:10', 'rejected');
INSERT INTO bookings (id, community_name, created_at, created_by, dropoff_datetime, pickup_datetime, status, total_revenue, trip_distance, trip_dropoff_datetime, trip_pickup_datetime, member_id, station_id, vehicle_id) VALUES (1, 'GreenVillage', '2024-06-13 06:22:29', 'First14 Last14', '2024-06-13 22:22:29', '2024-06-13 20:22:29', 'completed', 76.43, 6.47, '2024-06-13 22:07:29', '2024-06-13 20:32:29', 14, 2, 1);
INSERT INTO bookings (id, community_name, created_at, created_by, dropoff_datetime, pickup_datetime, status, total_revenue, trip_distance, trip_dropoff_datetime, trip_pickup_datetime, member_id, station_id, vehicle_id) VALUES (2, 'SolarCity', '2025-02-18 17:38:01', 'First7 Last7', '2025-02-19 23:38:01', '2025-02-19 14:38:01', 'completed', 62.2, 7.23, '2025-02-19 23:23:01', '2025-02-19 14:48:01', 7, 3, 5);
INSERT INTO bookings (id, community_name, created_at, created_by, dropoff_datetime, pickup_datetime, status, total_revenue, trip_distance, trip_dropoff_datetime, trip_pickup_datetime, member_id, station_id, vehicle_id) VALUES (3, 'EcoPark', '2024-04-02 06:16:34', 'First6 Last6', '2024-04-02 18:16:34', '2024-04-02 17:16:34', 'cancelled', 35.21, 53.78, '2024-04-02 18:01:34', '2024-04-02 17:26:34', 6, 1, 1);
INSERT INTO bookings (id, community_name, created_at, created_by, dropoff_datetime, pickup_datetime, status, total_revenue, trip_distance, trip_dropoff_datetime, trip_pickup_datetime, member_id, station_id, vehicle_id) VALUES (4, 'GreenVillage', '2024-09-12 20:26:54', 'First8 Last8', '2024-09-13 11:26:54', '2024-09-13 07:26:54', 'active', 15.98, 45.62, '2024-09-13 11:11:54', '2024-09-13 07:36:54', 8, 1, 5);
INSERT INTO bookings (id, community_name, created_at, created_by, dropoff_datetime, pickup_datetime, status, total_revenue, trip_distance, trip_dropoff_datetime, trip_pickup_datetime, member_id, station_id, vehicle_id) VALUES (5, 'UrbanCore', '2024-11-21 03:26:16', 'First1 Last1', '2024-11-22 15:26:16', '2024-11-21 19:26:16', 'completed', 49.12, 51.41, '2024-11-22 15:11:16', '2024-11-21 19:36:16', 1, 2, 2);
INSERT INTO bookings (id, community_name, created_at, created_by, dropoff_datetime, pickup_datetime, status, total_revenue, trip_distance, trip_dropoff_datetime, trip_pickup_datetime, member_id, station_id, vehicle_id) VALUES (6, 'SmartTown', '2024-09-07 16:37:21', 'First7 Last7', '2024-09-09 01:37:21', '2024-09-08 13:37:21', 'active', 67.17, 26.41, '2024-09-09 01:22:21', '2024-09-08 13:47:21', 7, 1, 2);
INSERT INTO bookings (id, community_name, created_at, created_by, dropoff_datetime, pickup_datetime, status, total_revenue, trip_distance, trip_dropoff_datetime, trip_pickup_datetime, member_id, station_id, vehicle_id) VALUES (7, 'EcoPark', '2024-01-25 00:56:43', 'First1 Last1', '2024-01-26 01:56:43', '2024-01-25 06:56:43', 'active', 10.05, 59.95, '2024-01-26 01:41:43', '2024-01-25 07:06:43', 1, 3, 1);
INSERT INTO bookings (id, community_name, created_at, created_by, dropoff_datetime, pickup_datetime, status, total_revenue, trip_distance, trip_dropoff_datetime, trip_pickup_datetime, member_id, station_id, vehicle_id) VALUES (8, 'SmartTown', '2024-04-26 04:29:57', 'First7 Last7', '2024-04-27 03:29:57', '2024-04-26 11:29:57', 'active', 45.08, 57.58, '2024-04-27 03:14:57', '2024-04-26 11:39:57', 7, 2, 3);
INSERT INTO bookings (id, community_name, created_at, created_by, dropoff_datetime, pickup_datetime, status, total_revenue, trip_distance, trip_dropoff_datetime, trip_pickup_datetime, member_id, station_id, vehicle_id) VALUES (9, 'SolarCity', '2024-06-11 14:27:24', 'First2 Last2', '2024-06-13 05:27:24', '2024-06-12 05:27:24', 'active', 89.35, 8.08, '2024-06-13 05:12:24', '2024-06-12 05:37:24', 2, 2, 2);
INSERT INTO bookings (id, community_name, created_at, created_by, dropoff_datetime, pickup_datetime, status, total_revenue, trip_distance, trip_dropoff_datetime, trip_pickup_datetime, member_id, station_id, vehicle_id) VALUES (10, 'UrbanCore', '2024-07-24 19:51:56', 'First12 Last12', '2024-07-25 22:51:56', '2024-07-25 17:51:56', 'active', 57.18, 47.45, '2024-07-25 22:36:56', '2024-07-25 18:01:56', 12, 3, 3);
INSERT INTO bookings (id, community_name, created_at, created_by, dropoff_datetime, pickup_datetime, status, total_revenue, trip_distance, trip_dropoff_datetime, trip_pickup_datetime, member_id, station_id, vehicle_id) VALUES (11, 'SmartTown', '2024-02-27 23:57:39', 'First2 Last2', '2024-02-29 04:57:39', '2024-02-28 20:57:39', 'cancelled', 22.1, 13.99, '2024-02-29 04:42:39', '2024-02-28 21:07:39', 2, 2, 2);
INSERT INTO bookings (id, community_name, created_at, created_by, dropoff_datetime, pickup_datetime, status, total_revenue, trip_distance, trip_dropoff_datetime, trip_pickup_datetime, member_id, station_id, vehicle_id) VALUES (12, 'SolarCity', '2024-05-10 20:23:07', 'First2 Last2', '2024-05-12 05:23:07', '2024-05-11 09:23:07', 'cancelled', 52.93, 46.72, '2024-05-12 05:08:07', '2024-05-11 09:33:07', 2, 1, 3);
INSERT INTO bookings (id, community_name, created_at, created_by, dropoff_datetime, pickup_datetime, status, total_revenue, trip_distance, trip_dropoff_datetime, trip_pickup_datetime, member_id, station_id, vehicle_id) VALUES (13, 'EcoPark', '2025-03-20 12:41:53', 'First3 Last3', '2025-03-20 15:41:53', '2025-03-20 13:41:53', 'active', 31.58, 11.21, '2025-03-20 15:26:53', '2025-03-20 13:51:53', 3, 1, 4);
INSERT INTO bookings (id, community_name, created_at, created_by, dropoff_datetime, pickup_datetime, status, total_revenue, trip_distance, trip_dropoff_datetime, trip_pickup_datetime, member_id, station_id, vehicle_id) VALUES (14, 'GreenVillage', '2024-05-20 07:22:52', 'First11 Last11', '2024-05-21 05:22:52', '2024-05-20 12:22:52', 'cancelled', 27.31, 29.51, '2024-05-21 05:07:52', '2024-05-20 12:32:52', 11, 2, 1);
INSERT INTO bookings (id, community_name, created_at, created_by, dropoff_datetime, pickup_datetime, status, total_revenue, trip_distance, trip_dropoff_datetime, trip_pickup_datetime, member_id, station_id, vehicle_id) VALUES (15, 'SolarCity', '2024-02-27 08:10:47', 'First1 Last1', '2024-02-27 20:10:47', '2024-02-27 13:10:47', 'completed', 89.91, 30.03, '2024-02-27 19:55:47', '2024-02-27 13:20:47', 1, 3, 4);
INSERT INTO bookings (id, community_name, created_at, created_by, dropoff_datetime, pickup_datetime, status, total_revenue, trip_distance, trip_dropoff_datetime, trip_pickup_datetime, member_id, station_id, vehicle_id) VALUES (16, 'SmartTown', '2024-06-16 12:10:51', 'First8 Last8', '2024-06-17 23:10:51', '2024-06-17 09:10:51', 'cancelled', 65.15, 39.36, '2024-06-17 22:55:51', '2024-06-17 09:20:51', 8, 3, 1);
INSERT INTO bookings (id, community_name, created_at, created_by, dropoff_datetime, pickup_datetime, status, total_revenue, trip_distance, trip_dropoff_datetime, trip_pickup_datetime, member_id, station_id, vehicle_id) VALUES (17, 'SmartTown', '2024-10-14 22:52:42', 'First11 Last11', '2024-10-16 09:52:42', '2024-10-15 11:52:42', 'cancelled', 64.98, 54.85, '2024-10-16 09:37:42', '2024-10-15 12:02:42', 11, 3, 4);
INSERT INTO bookings (id, community_name, created_at, created_by, dropoff_datetime, pickup_datetime, status, total_revenue, trip_distance, trip_dropoff_datetime, trip_pickup_datetime, member_id, station_id, vehicle_id) VALUES (18, 'SolarCity', '2024-04-06 08:19:48', 'First14 Last14', '2024-04-07 15:19:48', '2024-04-06 18:19:48', 'cancelled', 76.97, 9.82, '2024-04-07 15:04:48', '2024-04-06 18:29:48', 14, 3, 1);
INSERT INTO bookings (id, community_name, created_at, created_by, dropoff_datetime, pickup_datetime, status, total_revenue, trip_distance, trip_dropoff_datetime, trip_pickup_datetime, member_id, station_id, vehicle_id) VALUES (19, 'EcoPark', '2024-04-25 09:32:50', 'First13 Last13', '2024-04-26 10:32:50', '2024-04-25 18:32:50', 'completed', 46.61, 22.82, '2024-04-26 10:17:50', '2024-04-25 18:42:50', 13, 2, 4);
INSERT INTO bookings (id, community_name, created_at, created_by, dropoff_datetime, pickup_datetime, status, total_revenue, trip_distance, trip_dropoff_datetime, trip_pickup_datetime, member_id, station_id, vehicle_id) VALUES (20, 'SolarCity', '2024-11-17 16:18:54', 'First8 Last8', '2024-11-18 18:18:54', '2024-11-18 01:18:54', 'completed', 86.37, 37.32, '2024-11-18 18:03:54', '2024-11-18 01:28:54', 8, 3, 5);
INSERT INTO bookings (id, community_name, created_at, created_by, dropoff_datetime, pickup_datetime, status, total_revenue, trip_distance, trip_dropoff_datetime, trip_pickup_datetime, member_id, station_id, vehicle_id) VALUES (21, 'SmartTown', '2024-11-24 01:26:33', 'First15 Last15', '2024-11-25 05:26:33', '2024-11-24 12:26:33', 'completed', 61.63, 12.57, '2024-11-25 05:11:33', '2024-11-24 12:36:33', 15, 1, 5);
INSERT INTO bookings (id, community_name, created_at, created_by, dropoff_datetime, pickup_datetime, status, total_revenue, trip_distance, trip_dropoff_datetime, trip_pickup_datetime, member_id, station_id, vehicle_id) VALUES (22, 'GreenVillage', '2024-09-15 14:26:35', 'First10 Last10', '2024-09-16 16:26:35', '2024-09-15 17:26:35', 'completed', 17.85, 53.28, '2024-09-16 16:11:35', '2024-09-15 17:36:35', 10, 3, 3);
INSERT INTO bookings (id, community_name, created_at, created_by, dropoff_datetime, pickup_datetime, status, total_revenue, trip_distance, trip_dropoff_datetime, trip_pickup_datetime, member_id, station_id, vehicle_id) VALUES (23, 'EcoPark', '2024-06-23 14:37:05', 'First3 Last3', '2024-06-24 22:37:05', '2024-06-24 04:37:05', 'cancelled', 43.96, 44.97, '2024-06-24 22:22:05', '2024-06-24 04:47:05', 3, 3, 3);
INSERT INTO bookings (id, community_name, created_at, created_by, dropoff_datetime, pickup_datetime, status, total_revenue, trip_distance, trip_dropoff_datetime, trip_pickup_datetime, member_id, station_id, vehicle_id) VALUES (24, 'UrbanCore', '2024-08-04 18:37:00', 'First8 Last8', '2024-08-05 19:37:00', '2024-08-05 18:37:00', 'active', 29.89, 26.07, '2024-08-05 19:22:00', '2024-08-05 18:47:00', 8, 3, 4);
INSERT INTO bookings (id, community_name, created_at, created_by, dropoff_datetime, pickup_datetime, status, total_revenue, trip_distance, trip_dropoff_datetime, trip_pickup_datetime, member_id, station_id, vehicle_id) VALUES (25, 'GreenVillage', '2024-09-29 00:39:01', 'First9 Last9', '2024-09-30 00:39:01', '2024-09-29 09:39:01', 'cancelled', 22.4, 43.48, '2024-09-30 00:24:01', '2024-09-29 09:49:01', 9, 2, 4);
INSERT INTO bookings (id, community_name, created_at, created_by, dropoff_datetime, pickup_datetime, status, total_revenue, trip_distance, trip_dropoff_datetime, trip_pickup_datetime, member_id, station_id, vehicle_id) VALUES (26, 'GreenVillage', '2024-12-22 05:09:03', 'First15 Last15', '2024-12-23 08:09:03', '2024-12-22 08:09:03', 'cancelled', 77.71, 27.63, '2024-12-23 07:54:03', '2024-12-22 08:19:03', 15, 2, 5);
INSERT INTO bookings (id, community_name, created_at, created_by, dropoff_datetime, pickup_datetime, status, total_revenue, trip_distance, trip_dropoff_datetime, trip_pickup_datetime, member_id, station_id, vehicle_id) VALUES (27, 'SolarCity', '2024-03-20 14:10:16', 'First12 Last12', '2024-03-21 19:10:16', '2024-03-21 06:10:16', 'cancelled', 80.93, 32.29, '2024-03-21 18:55:16', '2024-03-21 06:20:16', 12, 3, 5);
INSERT INTO bookings (id, community_name, created_at, created_by, dropoff_datetime, pickup_datetime, status, total_revenue, trip_distance, trip_dropoff_datetime, trip_pickup_datetime, member_id, station_id, vehicle_id) VALUES (28, 'GreenVillage', '2024-02-29 09:24:31', 'First14 Last14', '2024-03-01 04:24:31', '2024-02-29 14:24:31', 'active', 69.81, 5.74, '2024-03-01 04:09:31', '2024-02-29 14:34:31', 14, 3, 4);
INSERT INTO bookings (id, community_name, created_at, created_by, dropoff_datetime, pickup_datetime, status, total_revenue, trip_distance, trip_dropoff_datetime, trip_pickup_datetime, member_id, station_id, vehicle_id) VALUES (29, 'SmartTown', '2025-02-28 20:21:09', 'First7 Last7', '2025-03-02 08:21:09', '2025-03-01 14:21:09', 'cancelled', 19.64, 10.93, '2025-03-02 08:06:09', '2025-03-01 14:31:09', 7, 2, 1);
INSERT INTO bookings (id, community_name, created_at, created_by, dropoff_datetime, pickup_datetime, status, total_revenue, trip_distance, trip_dropoff_datetime, trip_pickup_datetime, member_id, station_id, vehicle_id) VALUES (30, 'SmartTown', '2025-01-04 05:33:24', 'First11 Last11', '2025-01-05 02:33:24', '2025-01-04 09:33:24', 'completed', 52.62, 54.59, '2025-01-05 02:18:24', '2025-01-04 09:43:24', 11, 2, 4);